,,,Kenya Cassava Production and yields by Counties,
,,,,
,,"Description: Datasets of annual Harvested Area, Production and Yields of Cassva in Kenya by Counties",,
,,Data source: Estimates by field extension experts and from growers records,,
,,Responsible Agency: State Department of Agriculture,,
,,Data collection method: Administrative data recorded by government field extension officials,,
,,Data submission Frequency: Annually,,
,,Units of measurement: Area in Hectares (HA); Production in Metric Tons (MT); Yields in MT/HA,,
,,Coverage: By Counties ,,
,,Contact email address for further enquiry: agristat@kilimo.go.ke,,
,,Query answer period: 1 week,,
,,,,
,,Kenya Cassava Production by Counties Annual Data,,
,,2012,,
County,Year,Harvested Area (HA),Production (MT),Yields (MT/HA)
Baringo,2012,119,571,4.8
Bomet,2012,20,224,11.2
Bungoma,2012,491,"3,883",7.9
Busia,2012,"19,641","176,090",9
Elgeyo/Marakwet,2012,151,"3,814",25.3
Embu,2012,450,"6,234",13.9
Homabay,2012,"2,300","34,200",14.9
Kajiado,2012,11,37,3.4
Kakamega,2012,308,"2,419",7.9
Kiambu,2012,343,"1,610",4.7
Kilifi,2012,"8,436","137,938",16.4
Kirinyaga,2012,175,175,1
Kisii,2012,110,"1,450",13.2
Kisumu,2012,"2,865","28,650",10
Kitui,2012,"1,914","19,890",10.4
Kwale,2012,"2,429","8,721",3.6
Laikipia,2012,47,275,5.9
Lamu,2012,869,"30,582",35.2
Machakos,2012,"6,552","116,024",17.7
Makueni,2012,"2,103","25,028",11.9
Marsabit,2012,5,100,20
Meru,2012,"1,811","24,810",13.7
Migori,2012,"15,540","244,125",15.7
Mombasa,2012,212,"2,483",11.7
Murang'a,2012,517,"1,785",3.5
Nairobi ,2012,16,124,7.8
Nakuru,2012,109,"1,381",12.7
Nandi,2012,67,"1,445",21.6
Narok,2012,24,290,12.1
Nyamira,2012,27,270,10
Nyandarua,2012,41,405,9.9
Nyeri,2012,36,224,6.2
Samburu,2012,6,44,7.3
Siaya,2012,"4,245","42,450",10
Taita/Taveta,2012,170,943,5.5
Tana River,2012,80,343,4.3
Tharaka-Nthi,2012,642,"8,260",12.9
Trans Nzoia,2012,101,886,8.8
Uasin Gishu,2012,13,85,6.5
Vihiga,2012,124,"1,022",8.2
West Pokot,2012,30,220,7.3
Total,2012,"73,150","929,510",10.82
Baringo,2013,138,"1,131",8.2
Bomet,2013,28,330,11.8
Bungoma,2013,"1,542","28,355",18.4
Busia,2013,"22,621","337,047",14.9
Elgeyo/Marakwet,2013,138,"3,719",26.9
Embu,2013,205,"4,707",23
Homabay,2013,"3,020","85,307",28.2
Kajiado,2013,3,19,6.3
Kakamega,2013,303,"2,129",7
Kiambu,2013,302,"3,930",13
Kilifi,2013,"5,595","195,055",34.9
Kirinyaga,2013,118,"1,390",11.8
Kisii,2013,72,"1,081",15
Kisumu,2013,"1,899","20,270",10.7
Kitui,2013,"1,978","10,392",5.3
Kwale,2013,"2,337","38,320",16.4
Laikipia,2013,15,90,6
Lamu,2013,798,"18,350",23
Machakos,2013,"2,794","31,505",11.3
Makueni,2013,"5,492","41,253",7.5
Marsabit,2013,2,5,2.5
Meru,2013,694,"5,883",8.5
Migori,2013,"9,510","44,820",4.7
Mombasa,2013,279,"2,434",8.7
Murang'a,2013,311,"3,823",12.3
Nairobi ,2013,13,104,8
Nakuru,2013,99,840,8.5
Nandi,2013,67,"1,478",22.1
Narok,2013,36,255,7.1
Nyamira,2013,27,270,10
Nyandarua,2013,17,155,9.1
Nyeri,2013,311,"3,823",12.3
Samburu,2013,2,34,17
Siaya,2013,"3,888","34,420",8.9
Taita/Taveta,2013,59,"3,611",61.2
Tana River,2013,199,"2,500",12.6
Tharaka-Nthi,2013,364,"2,263",6.2
Trans Nzoia,2013,59,380,6.4
Uasin Gishu,2013,34,142,4.2
Vihiga,2013,256,"2,446",9.6
West Pokot,2013,35,370,10.6
Total,2013,"65,660","934,436",13.41
Baringo,2014,118,"2,297",19.5
Bomet,2014,23,345,15
Bungoma,2014,"1,567","28,267",18
Busia,2014,"19,580","321,835",16.4
Elgeyo/Marakwet,2014,226,"5,570",24.6
Embu,2014,210,"5,245",25
Homabay,2014,"4,884","76,310",15.6
Kajiado,2014,3,26,8.7
Kakamega,2014,341,"1,938",5.7
Kiambu,2014,111,"1,107",10
Kilifi,2014,"5,779","207,060",35.8
Kirinyaga,2014,123,"2,233",18.2
Kisii,2014,109,"1,474",13.5
Kisumu,2014,"1,106","12,205",11
Kitui,2014,915,"11,950",13.1
Kwale,2014,"6,475","3,300",0.5
Laikipia,2014,17,102,6
Lamu,2014,"1,279","31,500",24.6
Machakos,2014,"3,216","35,313",11
Makueni,2014,"4,988","40,110",8
Marsabit,2014,2,5,2.5
Meru,2014,731,"6,358",8.7
Migori,2014,"6,639","10,742",1.6
Mombasa,2014,226,"1,360",6
Murang'a,2014,361,"4,036",11.2
Nairobi ,2014,18,144,8
Nakuru,2014,111,827,7.5
Nandi,2014,84,"2,100",25
Narok,2014,55,279,5.1
Nyamira,2014,80,"2,222",27.8
Nyandarua,2014,11,110,10
Nyeri,2014,361,"4,044",11.2
Samburu,2014,3,26,8.7
Siaya,2014,"2,987","28,700",9.6
Taita/Taveta,2014,58,795,13.7
Tana River,2014,189,"2,694",14.3
Tharaka-Nthi,2014,462,"1,951",4.2
Trans Nzoia,2014,76,940,12.4
Uasin Gishu,2014,11,115,10.5
Vihiga,2014,191,"2,267",11.9
West Pokot,2014,31,260,8.4
Total,2014,"63,757","858,162",13
Baringo,2015,213,"2,458",11.5
Bomet,2015,15,175,11.7
Bungoma,2015,"1,139","26,866",23.6
Busia,2015,"17,600","288,013",16.4
Elgeyo/Marakwet,2015,52,984,18.9
Embu,2015,353,"5,584",15.8
Homabay,2015,"3,759","31,671",8.4
Kajiado,2015,19,148,7.8
Kakamega,2015,442,"5,188",11.7
Kiambu,2015,42,340,8.1
Kilifi,2015,"6,245","96,735",15.5
Kirinyaga,2015,200,"2,274",11.4
Kisii,2015,104,"1,807",17.4
Kisumu,2015,"3,020","41,056",13.6
Kitui,2015,913,"9,136",10
Kwale,2015,"4,650","51,146",11
Laikipia,2015,91,"1,429",15.7
Lamu,2015,"1,090","21,800",20
Machakos,2015,"2,176","25,832",11.9
Makueni,2015,419,"4,535",10.8
Marsabit,2015,2,25,12.5
Meru,2015,463,"10,665",23
Migori,2015,955,"13,598",14.2
Mombasa,2015,263,"2,164",8.2
Murang'a,2015,306,"2,431",7.9
Nairobi ,2015,27,237,8.8
Nakuru,2015,161,"2,616",16.2
Nandi,2015,111,"1,536",13.8
Narok,2015,59,698,11.8
Nyamira,2015,6,150,25
Nyandarua,2015,20,370,18.5
Nyeri,2015,15,139,9.3
Samburu,2015,2,39,19.5
Siaya,2015,"4,076","41,348",10.1
Taita/Taveta,2015,228,"1,926",8.4
Tana River,2015,174,"3,113",17.9
Tharaka-Nthi,2015,558,"6,312",11.3
Trans Nzoia,2015,82,"1,351",16.5
Uasin Gishu,2015,52,357,6.9
Vihiga,2015,224,"3,497",15.6
West Pokot,2015,25,320,12.8
Total,2015,"50,351","710,069",14
Baringo,2016,155,"2,231",14.4
Bomet,2016,12,230,19.2
Bungoma,2016,936,"13,598",14.5
Busia,2016,"15,163","242,005",16
Elgeyo/Marakwet,2016,42,887,21.1
Embu,2016,273,"4,718",17.3
Homabay,2016,"3,725","31,147",8.4
Kajiado,2016,13,118,9.1
Kakamega,2016,503,"4,981",9.9
Kiambu,2016,276,"3,648",13.2
Kilifi,2016,"5,443","44,383",8.2
Kirinyaga,2016,235,"2,742",11.7
Kisii,2016,97,"1,625",16.8
Kisumu,2016,906,"8,895",9.8
Kitui,2016,"4,887","40,442",8.3
Kwale,2016,"3,685","46,007",12.5
Laikipia,2016,87,716,8.2
Lamu,2016,"1,798","28,580",15.9
Machakos,2016,"2,216","20,553",9.3
Makueni,2016,390,"3,470",8.9
Marsabit,2016,2,11,5.5
Meru,2016,512,"8,738",17.1
Migori,2016,798,"8,860",11.1
Mombasa,2016,263,"2,104",8
Murang'a,2016,281,"2,975",10.6
Nairobi ,2016,30,183,6.1
Nakuru,2016,204,"2,541",12.5
Nandi,2016,93,"2,414",26
Narok,2016,75,430,5.7
Nyamira,2016,8,200,25
Nyandarua,2016,21,159,7.6
Nyeri,2016,12,94,7.8
Samburu,2016,2,10,5
Siaya,2016,"2,303","30,744",13.3
Taita/Taveta,2016,115,"1,202",10.5
Tana River,2016,105,830,7.9
Tharaka-Nthi,2016,479,"3,884",8.1
Trans Nzoia,2016,87,"1,178",13.5
Uasin Gishu,2016,45,540,12
Vihiga,2016,219,"3,197",14.6
West Pokot,2016,36,575,16
Total,2016,"46,532","571,845",12
,2016,,,
,2016,,,
,2016,,,
,2016,,,
,2016,,,
,2016,,,
Homabay,2016,,,
Kajiado,2016,,,
Kakamega,2016,,,
Kiambu,2016,,,
Kilifi,2016,,,
Kirinyaga,2016,,,
Kisii,2016,,,
Kisumu,2016,,,
Kitui,2016,,,
Kwale,2016,,,
Laikipia,2016,,,
Lamu,2016,,,
Machakos,2016,,,
Makueni,2016,,,
Marsabit,2016,,,
Meru,2016,,,
Migori,2016,,,
Mombasa,2016,,,
Murang'a,2016,,,
Nairobi ,2016,,,
Nakuru,2016,,,
Nandi,2016,,,
Narok,2016,,,
Nyamira,2016,,,
Nyandarua,2016,,,
Nyeri,2016,,,
Samburu,2016,,,
Siaya,2016,,,
Taita/Taveta,2016,,,
Tana River,2016,,,
Tharaka-Nthi,2016,,,
Trans Nzoia,2016,,,
Uasin Gishu,2016,,,
Vihiga,2016,,,
,2016,,,
0,2016,,,
